name,degree,address,tel
유니스에너지 자양주유소,,서울 광진구 아차산로 298,02-457-7600
창원CW,,서울 광진구 광나루로 460,02-3436-1112
HD현대오일뱅크직영 장호셀프주유소,,서울 광진구 자양로 37,02-447-9796
HD현대오일뱅크직영 효진주유소,,서울 성동구 동일로 129,02-464-7252
GS칼텍스 도루코주유소,,서울 성동구 아차산로 180,02-463-6919
HD현대오일뱅크직영 능동주유소,,서울 광진구 천호대로 584,02-452-7723
KLP제2주유소,,서울 성동구 동일로 249,02-465-5182
삼호주유소,,서울 광진구 천호대로 809,02-455-7200
장수주유소,,서울 광진구 동일로 266,02-498-1981
용마주유소,,서울 광진구 용마산로 68,02-456-1884
강평텔레콤 강평주유소,,서울 광진구 광장동 336-8,02-2201-0736
동일주유소,,서울 성동구 광나루로 254,02-461-7100
태양주유소,3.3,서울 광진구 동일로 345,02-464-5141
대성석유 동호주유소,,서울 강남구 봉은사로113길 51,02-545-0720
SK에너지 군자동주유소,,서울 성동구 천호대로 446,02-2244-4945
HD현대오일뱅크직영 스피드주유소,,서울 동대문구 천호대로 453,02-2216-5151
SK에너지 성수주유소,,서울 성동구 뚝섬로 352,02-467-7240
대원주유소,,서울 광진구 용마산로 122,02-444-1666
HD현대오일뱅크직영 중원셀프주유소,,서울 광진구 동일로 398,02-467-2410
성동스카이셀프주유소,,서울 성동구 천호대로 392,02-2245-8974
SK세원2주유소,,서울 성동구 광나루로 184,02-462-5665
정해네트웍스 일진주유소,,서울 광진구 동일로 413,02-461-5152
대신석유 진양주유소,,서울 송파구 올림픽로 499,02-477-1906
HD현대오일뱅크직영 중곡현대주유소,,서울 광진구 동일로 435,02-497-5151
SK KH에너지 성수만세주유소,,서울 성동구 왕십리로 109,02-499-8223
퍼스트오일 코알라주유소,,서울 강동구 올림픽로 556,02-484-1162
삼성동주유소,,서울 강남구 테헤란로 619,02-508-6572
소모 성내주유소,,서울 강동구 올림픽로 578,02-479-3838
삼화주유소,,서울 송파구 백제고분로 125,02-2203-2280
서울에너지 직영주유소,,서울 성동구 천호대로 324,02-3390-4338
광성주유소,,서울 강동구 올림픽로 673,02-470-5133
오동나무주유소,,서울 동대문구 한천로 81,02-2247-5132
삼표에너지 아시아주유소,,서울 송파구 도곡로 438,02-416-1911
삼미상사 장안킹셀프주유소,,서울 동대문구 한천로 100,02-2242-7115
GS칼텍스 삼성로주유소,,서울 강남구 삼성로 563,02-538-5138
삼영주유소,,서울 동대문구 답십리로 258,02-2217-2017
백제고분로주유소,,서울 송파구 오금로 143,02-2202-4050
아천동주유소,,경기 구리시 아차산로 55,02-2201-4545
호림플러스홀딩스 남성주유소,,서울 송파구 백제고분로 474,02-423-5128
자연에너지 국민주유소,,서울 동대문구 답십리로 223,02-2216-7155
잠실에너지주유소,,서울 송파구 송파대로 442,02-414-5010
대성석유 석촌주유소,,서울 송파구 백제고분로 289,02-421-0051
천호현대주유소,,서울 강동구 천중로 67,02-484-9323
극동에너지,0.0,서울 중랑구 면목로34길 14,02-438-1184
지에스이앤알직영 송파제일주유소,,서울 송파구 삼학사로 50,02-424-2900
만정에너지 삼보주유소,,서울 강남구 봉은사로 433,02-518-5141
HD현대오일뱅크직영 한양주유소,,서울 강남구 압구정로 302,02-3444-0804
GS칼텍스 학여울주유소,,서울 강남구 남부순환로 3170,02-459-8829
GS칼텍스 은마주유소,,서울 강남구 영동대로 235,02-3452-1882
오천만주유소,,서울 중랑구 동일로 547,070-7797-7474
SK네트웍스 스피드메이트강동대로점,0.0,서울 강동구 양재대로81길 73,02-479-0179
오렌지주유소,,서울 강동구 성안로 102,02-484-6166
한강에너지 퍼스트주유소,,서울 송파구 삼학사로 22,02-422-2834
대동석유 압구정주유소,,서울 강남구 언주로 842,02-545-6161
삼표에너지 고덕주유소,,서울 강동구 고덕로 39,02-441-3327
SK방이주유소,,서울 송파구 위례성대로12길 38,02-424-3051
소모 쎈트럴주유소,,서울 강남구 삼성로 335,02-565-0267
HD현대오일뱅크직영 잠실셀프주유소,,서울 송파구 송파대로 397,02-417-7111
HD현대오일뱅크직영 성동셀프주유소,,서울 성동구 마장로 311,02-2299-7333
신화에너지주유소 서울지점,,서울 송파구 가락로 47,02-2202-8484
SK용마로주유소,,서울 중랑구 용마산로 309,02-439-3037
재정주유소,,서울 동대문구 전농로 121,070-8256-4617
제이제이네트웍스 제이제이주유소,,서울 강남구 언주로 716,02-518-5631
재정제2주유소,,서울 동대문구 사가정로 90,02-2249-6682
대청주유소,,서울 강남구 개포로 654,02-445-5500
소모에너지 신월주유소,,서울 강동구 양재대로 1323,02-6956-6674
아이콘주유소,,서울 성동구 고산자로 273,02-2291-5189
송파주유소,,서울 송파구 송이로 28,02-2203-3737
대원주유소,,서울 중랑구 동일로 600,02-438-6111
구천면주유소,,서울 강동구 구천면로 357,02-441-0536
새서울석유 새서울주유소,,서울 강남구 압구정로 154,02-543-1154
정호주유소,,서울 성동구 고산자로 307,02-2297-9442
금호주유소,,서울 성동구 금호로 39,02-2297-0066
대성석유 길동주유소,,서울 강동구 천호대로 1168,02-474-7222
열린주유소,,서울 동대문구 한천로 263,02-2215-6543
S-OIL 휘경동,0.0,서울 동대문구 한천로 263,02-2215-6543
SK논현주유소,,서울 강남구 논현로 747,02-511-0955
일원주유소,,서울 강남구 양재대로55길 3,02-2226-5188
면목주유소,,서울 중랑구 동일로 627,02-437-4072
배봉로주유소,,서울 동대문구 서울시립대로 108,02-2242-0556
동하석유힐탑주유소,,서울 강남구 논현로 640,02-544-4075
HD현대오일뱅크직영 신사현대주유소,,서울 강남구 도산대로 163,02-546-2182
자연에너지 대창주유소,,서울 중랑구 동일로 636,02-434-1448
HD현대오일뱅크직영 올림픽셀프주유소,,서울 송파구 위례성대로 188,02-448-9804
극동유화 개나리주유소,,서울 강남구 언주로 423,02-564-0186
구도일동천주유소,,서울 중랑구 동일로 654,02-495-0081
에너지플러스허브 GS타워주유소,,서울 강남구 논현로 516,02-539-5145
GS칼텍스 현암주유소,0.0,서울 강남구 논현로 508,
대성산업 동마장주유소,,서울 동대문구 고산자로 405,02-966-5451
명일주유소,0.0,서울 강동구 고덕로 168,02-3428-1739
오륜 주유소,,경기 하남시 동남로 376,02-402-6005
GS칼텍스 남서울주유소,,서울 서초구 나루터로 83,02-542-1517
중앙에너비스 수서지점 (ENERVIS SUSEO),,서울 강남구 광평로 202,070-8707-4582
서하남IC주유소,,경기 하남시 서하남로 28,02-478-6051
유진주유소,,서울 송파구 동남로 325,02-406-3956
서하남나들목주유소,,경기 하남시 서하남로 29,02-470-2606
SK에너지 진달래주유소,,서울 강남구 도곡로 208,02-3462-0018
옥수하이웨이스테이션,,서울 성동구 독서당로 168,02-2282-5151
우림주유소,,서울 중랑구 용마산로 487,02-433-9990
자곡셀프주유소,,서울 강남구 밤고개로 120,02-445-5840
서광주유소,,서울 강남구 역삼로 142,02-562-4855
삼표에너지 우리주유소,,서울 송파구 동남로 153,02-3401-1588
에너지플러스허브 삼방주유소,,서울 서초구 사평대로 364,02-536-5145
신당동주유소,,서울 중구 다산로 242,02-2252-6688
서하남배다리주유소,,경기 하남시 서하남로 58,02-473-1001
홍능주유소,,서울 동대문구 홍릉로 87,02-966-9190
방아다리주유소,,서울 강동구 동남로 811,
다산주유소,,서울 중구 다산로 233,02-2252-2210
약수주유소,,서울 중구 다산로 173,02-2252-3345
선진도곡주유소,,서울 강남구 도곡로 162,02-2058-3024
YM21유통,0.0,서울 강남구 강남대로 388 강남센타빌딩 14층,02-3486-4477
HD현대오일뱅크직영 사평로주유소,,서울 서초구 사평대로 350,02-3481-2513
동서울고속주유소,,서울 동대문구 한천로 414,02-969-1144
서하남고속주유소,,경기 하남시 서하남로 77,02-485-5189
중앙에너비스 에너비스 (ENERVIS),,서울 용산구 한남대로 82,070-8707-4572
HD현대오일뱅크직영 장원주유소,,서울 중구 동호로 203,02-2236-2759
중앙에너비스 한남지점 (ENERVIS HANNAM),,서울 용산구 한남대로21길 4,070-8707-4586
HD현대오일뱅크 도곡셀프주유소,,서울 강남구 남부순환로 2718,02-529-5101
이케이에너지 강산주유소,,서울 성북구 보문로 27,02-953-1448
대성주유소,,서울 송파구 마천로 230,02-431-1991
신방주유소,,서울 성북구 안암로 111,02-922-5151
서울주유소,,서울 송파구 문정로 153,02-407-0708
풍한주유소,,서울 동대문구 안암로 168,02-924-5189
오일프러스주유소,,서울 강남구 남부순환로 2651,02-3462-5100
말죽거리주유소,,서울 서초구 남부순환로 2650,02-579-9933
정직한주유소,,서울 송파구 오금로 455,02-406-4634
대선에너지,0.0,서울 서초구 남부순환로364길 8-16 대호빌딩 101호,02-579-5199
HD현대오일뱅크직영 유진주유소,,서울 강남구 논현로 152,02-3462-5215
파츠오일뱅크 (직영 한남동주유소),,서울 용산구 한남대로 204,02-795-0802
HD현대오일뱅크 직영고대셀프주유소,,서울 성북구 종암로 12,02-912-5151
장충주유소,,서울 중구 장충단로 202,02-2279-9965
상아주유소,,서울 송파구 거마로 82,02-409-8251
선문에너지 중앙주유소,,서울 서초구 바우뫼로 219,02-575-5110
동일주유소,,서울 성북구 보문로 85,02-923-8484
방죽주유소,,서울 강남구 밤고개로 215,02-459-3434
